tz,Time zone,UTC offset
America/Anchorage,Alaska,-9
America/Boise,Mountain,-7
America/Chicago,Central,-6
America/Denver,Mountain,-7
America/Detroit,Eastern,-5
America/Edmonton,Mountain,-7
America/Fort_Nelson,Mountain,-7
America/Halifax,Atlantic,-4
America/Indiana/Indianapolis,Eastern,-5
America/Kentucky/Louisville,Eastern,-5
America/Los_Angeles,Pacific,-8
America/Moncton,Atlantic,-4
America/New_York,Eastern,-5
America/Phoenix,Mountain,-7
America/Regina,Central,-6
America/St_Johns,Newfoundland,-3.5
America/Toronto,Eastern,-5
America/Vancouver,Pacific,-8
America/Winnipeg,Central,-6
Pacific/Honolulu,Hawaii,-10
